configuration,arm,n,acc_pct_mean,acc_pct_sd,energy_wh_mean,energy_wh_sd,time_s_mean,time_s_sd,alloc_mib_mean,alloc_mib_sd,power_w_mean,power_w_sd,acc_delta_vs_bp_pp,energy_x_bp,time_x_bp,alloc_x_bp
CIFAR-10 3-block CNN,BP,5,85.578,0.3968,4.6322,0.4425,240.7481,23.7828,146.7227,0.0,69.3294,0.3961,,,,
CIFAR-10 3-block CNN,cafo_cifar10_cnn_3block,5,66.752,1.5489,14.6339,0.9928,889.8854,58.0196,122.8076,0.0,59.2042,0.566,-18.826,3.159,3.696,0.837
CIFAR-10 3-block CNN,cafodfa_cifar10_cnn_3block,5,78.432,0.4454,38.4839,3.5055,1911.5975,112.6816,167.8115,0.0,72.3732,2.3066,-7.146,8.308,7.94,1.144
CIFAR-100 3-block CNN,BP,5,58.604,0.3665,2.8382,0.1131,145.0266,4.3757,160.0166,0.0,70.4947,1.3466,,,,
CIFAR-100 3-block CNN,cafo_cifar100_cnn_3block,5,41.72,1.0588,20.0321,3.2057,1158.5544,160.9024,148.5395,0.2054,62.1024,1.6231,-16.884,7.058,7.989,0.928
CIFAR-100 3-block CNN,cafodfa_cifar100_cnn_3block,5,50.12,0.4804,30.8183,2.3121,1524.5979,113.7393,189.4559,0.2739,72.7971,1.9743,-8.484,10.858,10.513,1.184
Fashion-MNIST 3-block CNN,BP,5,91.484,0.2971,1.3141,0.0385,56.6558,1.6828,125.1152,0.0,83.7089,0.9653,,,,
Fashion-MNIST 3-block CNN,cafo_fashion_mnist_cnn_3block,5,91.094,0.0472,6.3658,0.6016,369.0114,36.4471,93.7643,0.2054,62.1411,0.4635,-0.39,4.844,6.513,0.749
Fashion-MNIST 3-block CNN,cafodfa_fashion_mnist_cnn_3block,5,91.71,0.2256,5.0497,0.1983,261.0273,17.4136,142.9209,0.0,69.7826,2.0213,0.226,3.843,4.607,1.142
Fashion-MNIST 4x2000,BP,7,89.6071,0.1547,2.0768,0.1578,65.5698,3.5155,287.0894,0.0,114.1156,5.1284,,,,
Fashion-MNIST 4x2000,ff_hinton_style_fashion_mnist_mlp_4x2000,7,88.9029,0.1433,13.0967,0.5908,486.0212,21.2886,295.9399,0.0,97.0308,0.5132,-0.704,6.306,7.412,1.031
MNIST 3-block CNN,BP,5,99.22,0.0656,1.4455,0.0811,64.1129,3.5622,125.1152,0.0,81.2563,0.1344,,,,
MNIST 3-block CNN,cafo_mnist_cnn_3block,5,98.878,0.0657,4.3762,0.3692,252.1689,20.8548,93.6143,0.5135,62.5013,0.1908,-0.342,3.027,3.933,0.748
MNIST 3-block CNN,cafodfa_mnist_cnn_3block,5,98.88,0.05,4.2016,0.5161,231.2609,38.4531,142.9209,0.0,65.8003,2.7678,-0.34,2.907,3.607,1.142
MNIST 3x1000,BP,7,98.36,0.1665,1.0764,0.0894,60.684,4.921,69.9971,0.0,63.9382,0.1321,,,,
MNIST 3x1000,ff_hinton_mnist_mlp_3x1000_SGD,7,98.3457,0.1406,6.065,0.4338,344.8909,24.5567,63.3521,0.0,63.3328,0.1075,-0.014,5.634,5.683,0.905
MNIST 3x1000,ff_hinton_mnist_mlp_3x1000_adamw,7,97.2629,0.1845,4.4143,1.3341,249.4753,75.5671,74.061,0.0,63.7472,0.1074,-1.097,4.101,4.111,1.058
MNIST 4x2000,BP,7,98.2957,0.1464,1.9162,0.146,62.5573,4.8147,287.0894,0.0,110.4372,2.9641,,,,
MNIST 4x2000,ff_hinton_mnist_mlp_4x2000,7,98.2314,0.1865,11.3843,2.6149,407.2172,92.5366,295.9399,0.0,100.6286,0.7075,-0.064,5.941,6.51,1.031
